Url,Title
/comic/solo-leveling(only-i-level-up)_15227640605485101,Solo Leveling(Only I level up)
/comic/beauty-and-the-beasts_14279238705852001,Beauty and the Beasts
/comic/when-beauty-meets-beasts_22183012806966801,When beauty meets beasts
/comic/tales-of-demons-and-gods_14622895506049901,Tales of Demons and Gods
/comic/how-to-tame-your-beast-husbands_23936735905507401,How to Tame Your Beast Husbands
/comic/national-school-prince-is-a-girl_15887375205230101,National School Prince Is A Girl
/comic/astral-pet-store_24751317505732701,Astral Pet Store
/comic/cultivation-chat-group_11609847806441001,Cultivation Chat Group
/comic/perfect-secret-love-the-bad-new-wife-is-a-little-sweet_16189206605128401,Perfect Secret Love: The Bad New Wife is a Little Sweet
/comic/release-that-witch_13137713105817601,Release that Witch
/comic/i-have-twin-girlfriends_20680556305680401,I Have Twin Girlfriends
/comic/super-gene_22546031505952701,Super Gene
/comic/battle-through-the-heavens_13741824806105701,Battle Through the Heavens
/comic/martial-peak_14866013705882901,Martial Peak
/comic/trial-marriage-husband-need-to-work-hard_16767141005164301,Trial Marriage Husband: Need to Work Hard
/comic/the-legendary-mechanic_18253983706056201,The Legendary Mechanic
/comic/monster-pet-evolution_22072856806372901,Monster Pet Evolution
/comic/reincarnation-of-the-businesswoman-at-school_21605261306029901,Reincarnation Of The Businesswoman At School
/comic/queen-of-poison-the-legend-of-a-super-agent-doctor-and-princess_15411351606390601,"Queen of Poison: the Legend of a Super Agent, Doctor and Princess"
/comic/versatile-mage_11610241506441101,Versatile Mage
/comic/my-wife-is-the-demon-queen_20662233706706801,My Wife is the Demon Queen
/comic/world's-best-martial-artist_17190724406942301,World's Best Martial Artist
/comic/the-duke's-hidden-baby-bogo!_17242463905015801,The Duke's Hidden Baby: BOGO!
/comic/rebirth-of-the-urban-immortal-cultivator_12273128505179701,Rebirth Of The Urban Immortal Cultivator
/comic/the-devil-butler_18814203805122001,The Devil Butler
/comic/a-beginner-with-the-mightiest-account_23930207106661301,A Beginner with the Mightiest Account
/comic/my-girlfriend-is-a-zombie_14017933605996401,My Girlfriend is a Zombie
/comic/spare-me-great-lord!_16541051906427701,"Spare Me, Great Lord!"
/comic/the-king's-avatar_17959825305729101,The King's Avatar
/comic/the-divine-doctor_13137684906876901,The Divine Doctor
/comic/be-a-eunuch's-wife-to-control-the-world_18796186605046601,Be A Eunuch's Wife To Control The World
/comic/psychic-princess_21086496805159801,Psychic Princess
/comic/mesmerizing-ghost-doctor_13136855306872401,Mesmerizing Ghost Doctor
/comic/the-brocaded-tale-of-the-girl-si_17465540106127601,The Brocaded Tale of The Girl Si
/comic/i'm-being-shipped-with-the-king-of-film!_17425598605821001,I'm Being Shipped With the King of Film!
/comic/become-the-castellan-in-another-world_16189070305127801,Become the Castellan in Another World
/comic/swallowed-star_13138208806880901,Swallowed Star
/comic/library-of-heaven's-path_19392069405191901,Library of Heaven's Path
/comic/soul-land-iv-ultimate-fighting_13589756106428301,Soul Land IV: Ultimate Fighting
/comic/vampires-and-knight_18824303805175701,Vampires and Knight
/comic/way-to-be-the-evil-emperor_18797854106209701,Way To Be The Evil Emperor
/comic/dragon-tamer_21122703405270801,Dragon Tamer
/comic/my-paranoid-lover_18641545605422901,My Paranoid Lover
/comic/reborn-to-be-supreme_20733460905230001,Reborn to be Supreme
/comic/my-loyal-husband-after-our-divorce_24863819105060301,My Loyal Husband After Our Divorce
/comic/supreme-ocular-master-the-peerless-heiress_17242463805015701,Supreme Ocular Master: The Peerless Heiress
/comic/i-have-999-types-of-supernatural-powers_24066417206870201,I Have 999 Types of Supernatural Powers
/comic/ode-to-humanity-earthlings-rise!_22969287405343201,"Ode to Humanity: Earthlings, Rise!"
/comic/all-hail-the-sect-leader_19783613905232101,All Hail the Sect Leader
/comic/i-have-a-mansion-in-the-post-apocalyptic-world_12265357306180601,I Have a Mansion in the Post-apocalyptic World
/comic/i-get-a-random-new-occupation-every-week_22969114605341301,I Get A Random New Occupation Every Week
/comic/the-silent-concubine_20683249105710401,The Silent Concubine
/comic/flaming-hot-desire_12764996706171601,Flaming Hot Desire
/comic/embrace-my-shadow_18814363806282301,Embrace My Shadow
/comic/resurrection-reunion-the-exclusive-love_17579445705599201,Resurrection Reunion: The Exclusive Love
/comic/survival-on-a-desert-island_21285996506059501,Survival On a Desert Island
/comic/the-limitless-apostle-and-the-twelve-battle-maidens_18824311005175801,The Limitless Apostle and the Twelve Battle Maidens
/comic/please-be-gentle-my-bossy-uncle_15610614605147101,"Please Be Gentle, My Bossy Uncle"
/comic/dreamland-adventure_19824285005353601,Dreamland Adventure
/comic/god-of-martial-arts_13137998405819101,God of Martial Arts 
/comic/tender-loving-ceo_21751902705384401,Tender Loving CEO
/comic/goddess-creation-system_12888448905833801,Goddess Creation System
/comic/full-marks-hidden-marriage-pick-up-a-son-get-a-free-husband_15798778406097401,"Full Marks Hidden Marriage: Pick Up a Son, Get a Free Husband"
/comic/max's-stylish-daddy_17579619806708201,Max's Stylish Daddy
/comic/sweet-bite-marks_20241438705388601,Sweet Bite Marks
/comic/heaven-defying-sword_12394826006379201,Heaven Defying Sword
/comic/fight-to-win-my-prince-charming_21286007606059601,Fight to Win My Prince Charming
/comic/the-beautiful-wife-of-the-whirlwind-marriage_12568507805943101,The Beautiful Wife of the Whirlwind Marriage
/comic/i-picked-up-an-attribute_20689181505768401,I Picked Up An Attribute
/comic/it-all-starts-with-playing-game-seriously_24066434605637101,It All Starts with Playing Game Seriously
/comic/the-boss's-shotgun-wedding_18814258306281701,The Boss's Shotgun Wedding
/comic/a-big-shot-actually_23825969505546401,A Big Shot Actually
/comic/a-star-reborn-the-queen's-return_11911827006604901,A Star Reborn: The Queen's Return
/comic/yes-your-highness_21287823305831501,"Yes, Your Highness"
/comic/let-me-game-in-peace_23185067706498601,Let Me Game in Peace 
/comic/astral-sutra_15306576805820501,Astral Sutra
/comic/my-dangerous-prince_17579474706707701,My Dangerous Prince
/comic/boss-makes-the-boy-group's-center-of-me_24361264005885301,Boss Makes the Boy Group's Center of Me
/comic/the-icy-chairman's-cute-little-wife_16649228305694001,The Icy Chairman's Cute Little Wife
/comic/vicious-beauty_18728512106916301,Vicious Beauty
/comic/prince's-private-sweetheart_13138097305820001,Prince's Private Sweetheart
/comic/the-jealous-governor-ling_17614818906931801,The Jealous Governor Ling
/comic/sweetheart-v5-the-boss-is-too-kind!_11617714406443301,Sweetheart V5: The Boss Is Too Kind!
/comic/rebirth-of-the-godly-prodigal_21518754206753201,Rebirth of the Godly Prodigal
/comic/the-sickly-tyrant-with-an-innocent-facade_21840975106175501,The Sickly Tyrant With An Innocent Facade
/comic/hey-boss-i-am-your-new-wife_19835288805392101,"Hey Boss, I am Your New Wife"
/comic/returning-from-the-immortal-world_14011076505954101,Returning from the Immortal World
/comic/endgame-restart_20785512706975201,Endgame Restart
/comic/shadow-hack_20733519405230901,Shadow Hack
/comic/god-of-war-crazy-princess_18383375006609801,"God of War, Crazy Princess"
/comic/strongest-abandoned-son_13136905305815201,Strongest Abandoned Son
/comic/don't-play-by-rules_23825588105539301,Don't Play by Rules
/comic/my-cute-concubine_22479008006800501,My Cute Concubine
/comic/whose-baby-is-it-!_18814387805123101,Whose Baby Is It?!
/comic/my-sister-is-a-big-star_21752673405391501,My Sister is a Big Star
/comic/lord-of-the-mysteries_15896372906358001,Lord of the Mysteries
/comic/urban-adventure-of-a-cultivator_21287789905830801,Urban Adventure of a Cultivator
/comic/so-pure-so-flirtatious_11719687306487801,"So Pure, So Flirtatious"
/comic/i-become-a-villain-in-my-novel_20681224005689201,I Become A Villain In My Novel
/comic/bringing-the-nation's-husband-home_11739728006499801,Bringing the Nation's Husband Home
/comic/the-glamorous-doctor-divorces-her-husband_13138004705819201,The Glamorous Doctor Divorces Her Husband
/comic/nancheng-waits-for-the-moon_21052937406239901,Nancheng Waits for The Moon 
/comic/the-queen-against-destiny_18789536606173501,The Queen Against Destiny
/comic/cinderella-chef_14865251305880201,Cinderella Chef
/comic/my-disciples-are-all-devils_21604870306028901,My Disciples are all Devils
/comic/lich-glory-knight_21840968706175401,Lich: Glory Knight
/comic/the-bestselling-empress_21105514406456401,The Bestselling Empress
/comic/the-goddess-of-healing_20378810705740401,The Goddess of Healing
/comic/tyrant-lover_24810951306121901,Tyrant Lover
/comic/battle-frenzy_11610296905451101,Battle Frenzy
/comic/i'm-just-an-invincible-immortal_21287706606070301,I'm Just An Invincible Immortal
/comic/my-chubby-princess_21053070106242801,My Chubby Princess 
/comic/roulette-world_23461704105628101,Roulette World
/comic/a-professional-assassin-raises-a-fox_23930123606660801,A Professional Assassin Raises a Fox
/comic/tribulations-of-myriad-clans_21001268605644101,Tribulations of Myriad Clans
/comic/divine-card-creator_21053115205014401,Divine Card Creator
/comic/the-crazy-adventures-of-mystical-doctor_12568627305944001,The Crazy Adventures of Mystical Doctor
/comic/the-superb-captain-in-the-city_12272567206191501,The Superb Captain in the City
/comic/my-husband-changes-every-day_21122709905270901,My Husband Changes Every Day
/comic/master%C2%A0and%C2%A0seven%C2%A0lovers_21285713205818701,Master and seven lovers
/comic/stay-low-profile-sect-chief_24627996506511701,"Stay Low Profile, Sect Chief"
/comic/the-first-sword-on-earth_22479021106800601,The First Sword on Earth
/comic/pampered-wife-of-a-warm-marriage_17579629306708301,Pampered Wife of a Warm Marriage
/comic/my-five-prominent-daddies_21122691806505701,My Five Prominent Daddies
/comic/unscrupuous-consort-the-evil-doctor_17060155906448201,Unscrupuous Consort: the Evil Doctor
/comic/virtual-world-close-combat-mage_15411389206390801,Virtual World: Close Combat Mage
/comic/this-princess-is-wild_21604931306029301,This Princess is Wild
/comic/world-of-rebirth_18640525305418001,World Of Rebirth
/comic/good-morning-billionaire-wife_18253758706049601,"Good Morning, Billionaire Wife"
/comic/falling-for-my-former-wife_23169731006444001,Falling For My Former Wife
/comic/chained-to-you_21287727206070401,Chained To You
/comic/the-ghost-bride_13138898705824901,The Ghost Bride
/comic/don't-mess-with-my-sister_18814313705122601,Don't Mess With My Sister
/comic/can't-smile-without-you_23185090905270001,Can't Smile Without You
/comic/don't-be-too-rough-master!_13137894705818301,"Don't be too rough, master!"
/comic/conquest-of-the-demon-king_18640821806590901,Conquest of the Demon King
/comic/dr.-chu's-love-story_13138195905820901,Dr. Chu's Love Story
/comic/ogus's-law_20682862405705201,Ogus's Law
/comic/healing-hands-miracuious-doctor_17544923905421601,"Healing Hands, Miracuious Doctor"
/comic/dragon-in-distress_21286996806064101,Dragon in Distress
/comic/the-ultimate-scheming-system_12272676305179201,The Ultimate Scheming System
/comic/doomed-to-be-a-king_15610642605147301,Doomed to be a King
/comic/the-villainess-fell-in-love_22435763506496801,The Villainess Fell In Love
/comic/our-pampered-sister's-secretly-a-big-boss_21053008306241401,Our Pampered Sister's Secretly a Big Boss
/comic/the-lagy-and-the-lion_20318409506340201,The Lagy and the Lion
/comic/i-might-be-a-fake-cultivator_16161044605047501,I Might Be A Fake Cultivator
/comic/love-in-fallen-city-forbidden-royal_12266735505169101,Love in Fallen City: Forbidden Royal
/comic/the-princess-is-a-goody-two-shoes_21604958806029401,The Princess is a Goody Two-shoes
/comic/phoenix-soars-back-to-the-sky_24690511406759101,Phoenix Soars Back To The Sky
/comic/dragon-king's-son-in-law_20084736106455001,Dragon King's Son-in-law
/comic/super-cube_20241539105389501,Super Cube
/comic/full-marks-hidden-marriage_12318617405256401,Full Marks Hidden Marriage
/comic/the-ultimate-all-rounder_19653000605849201,The Ultimate All-rounder
/comic/how-to-be-a-princess_21225861705644501,How to Be a Princess
/comic/the-prince-regent's-concubines_20327364105243901,The Prince Regent's Concubines
/comic/reborn-to-sleep-with-a-star-actor_21086501905159901,Reborn to Sleep With A Star Actor
/comic/sweetest-top-actress-in-my-home_24569967105014101,Sweetest Top Actress in My Home
/comic/the-evil-consort-above-an-evil-king_18461550405766101,The Evil Consort Above an Evil King
/comic/the-apple-of-five-men's-eye_24437685006715501,The Apple of Five Men's Eye
/comic/demon-wolf-husband-needs-discipline_21225856406887801,Demon Wolf Husband Needs Discipline
/comic/young-hot-lady-from-the-village_12568494006942201,Young Hot Lady From The Village
/comic/devouring-realm_20318270205157701,Devouring Realm
/comic/swallow-an-immortal-world_20683332505711201,Swallow an Immortal World
/comic/the-mighty-warrior-from-a-mental-hospital_21053139305014801,The Mighty Warrior From A Mental Hospital
/comic/reborn-to-be-a-movie-queen_18814398306282501,Reborn to Be a Movie Queen
/comic/reverend-insanity_16914029906866101,Reverend Insanity
/comic/the-demonic-ceo-in-my-bed_13138843505824601,The Demonic CEO in My Bed
/comic/the-great-god-of-rebirth_22694307406034701,The Great God of Rebirth
/comic/formless-form_20679593306889801,Formless Form
/comic/super-boyfriend-sharing-system_18640592106589501,Super Boyfriend Sharing System
/comic/peerless-genius-system_18686121605584301,Peerless Genius System
/comic/mysterious-star-battle-with-my-sweet-wife_16913902306865201,Mysterious Star: Battle with My Sweet Wife
/comic/forty-millenniums-of-cultivation_11719836506488101,Forty Millenniums of Cultivation
/comic/dark-hunter_20679218005665701,Dark Hunter
/comic/doomsday-romance_21290872705852801,Doomsday Romance
/comic/fell-in-love-with-girlfriend's-brother-s1_21286990106063901,Fell in Love with Girlfriend's Brother S1
/comic/miss-villain-always-levels-up_21290532705851301,Miss Villain Always Levels Up
/comic/my-wild-tender-bride_18641555305423001,My Wild Tender Bride
/comic/apocalyptic-super-system_23964597806008001,Apocalyptic Super System
/comic/sweet-love_17639908306107301,Sweet Love
/comic/prince-bastard's-parenting-book_18686140606752701,Prince Bastard's Parenting Book
/comic/tsundere-prince's-unruly-princess_21993854205557701,Tsundere Prince's Unruly Princess
/comic/the-cultivator-from-the-future_18383100405464001,The Cultivator From The Future 
/comic/true-martial-world_24627956006511501,True Martial World
/comic/my-apprentice-game-over-again!_14392708205196501,My Apprentice: Game over again!
/comic/the-prince-is-a-big-tiger_19532681905562001,The Prince is a Big Tiger
/comic/the-god-devourer_20378810506920601,The God Devourer
/comic/welcome-to-my-planet_23185103406498901,Welcome to My Planet
/comic/return-of-the-reborn-god-emperor_20680597205682301,Return of the Reborn God Emperor
/comic/peerless-doctor-the-scheming-lady_17425598305820901,Peerless Doctor: The Scheming Lady
/comic/mommy-where's-daddy_21289630606089401,"Mommy, Where's Daddy?"
/comic/marry-the-unlucky-prince_21292770406105201,Marry The Unlucky Prince
/comic/the-man-i-saved-in-the-rain-is-my-hubby_21993841906800401,The Man I Saved In The Rain Is My Hubby
/comic/stop-my-dumb-wife!_21289852106091601,"Stop, My Dumb Wife!"
/comic/the-runaway-wife_20378810606920701,The Runaway Wife
/comic/the-return-of-my-love_21658659005934701,The Return of My Love
/comic/master-of-spiritual-sword_18640733106590201,Master of Spiritual Sword
/comic/the-overachiever's-black-tech-system_18726755905742201,The Overachiever's Black Tech System
/comic/tale-of-dragon-morph_21286331305820701,Tale of Dragon Morph
/comic/my-boss-won't-stop-loving-me_20327314305242901,My Boss Won't Stop Loving Me
/comic/good-morning-mrs.-fu_21289837906091301,"Good Morning, Mrs. Fu"
/comic/i-married-my-father-in-law_21287412306067701,I Married My Father-in-law
/comic/my-terrifying-imperial-consort_15611014005152601, My Terrifying Imperial Consort
/comic/love-after-marriage_21289062305839901,Love After Marriage
/comic/the-male-consort-in-a-game_21287438106068001,The Male Consort In A Game
/comic/pick-your-campus-queen_18640581306589301,Pick Your Campus Queen
/comic/her-atypical-story_20683445606934701,Her Atypical Story
/comic/my-vampire-master_17639919005987701,My Vampire Master
/comic/absolute-control_21287329905824701,Absolute Control
/comic/the-ceo's-replacement-bride_13137964206878701,The CEO's Replacement Bride
/comic/a-tough-first-love_21287594705828301,A Tough First Love
/comic/the-makeup-queen_21290463006094801,The Makeup Queen
/comic/captured-crown-prince_22572901705199801, Captured Crown Prince
/comic/adventure-with-a-magic-cup_18686131905584401,Adventure With a Magic Cup
/comic/fatal-scents_21287132605823501,Fatal Scents
/comic/return-of-the-avenger_20683492706935701,Return of the Avenger
/comic/peach-blossm-tome_17544722105420201,Peach Blossm Tome
/comic/breed-my-dear-enemy_20683111605708901,Breed My Dear Enemy
/comic/cinderella's-revenge_23169741205213201,Cinderella's Revenge
/comic/campus-belle-ceo-is-stuck-on-me_20299256306150501, Campus Belle CEO Is Stuck On Me
/comic/strongest-primitive_21873285806334301,Strongest Primitive
/comic/hello-sweetie-mr-xu's-little-hottie_15610995005152401,Hello Sweetie: Mr Xu's Little Hottie
/comic/my-affair-with-a-ghostly-girlfriend_17425572906936101,My Affair With a Ghostly Girlfriend
/comic/my-mighty-princess_21288181906076001,My Mighty Princess
/comic/the-chosen-deity_21290608205851601,The Chosen Deity
/comic/the-president's-flash-marriage-wife_17579507605599301,The President's Flash Marriage Wife
/comic/piss-off-prince-charming!_12764996205133701,"Piss Off, Prince Charming!"
/comic/dark-star-king_20785525105748201,Dark Star King
/comic/mr.-intrigue's-love-game_20682975605707001,Mr. Intrigue's Love Game
/comic/just-wanna-touch-you_21287192606065001,Just Wanna Touch You
/comic/mermaid's-egg_20683645106937501,Mermaid's Egg
/comic/blind-date-to-cultivate_20680222606896601,Blind Date to Cultivate
/comic/the-boss-of-token-exchanging_18797845506209601,The Boss of Token Exchanging
/comic/melting-your-icy-heart_13138980506886301,Melting Your Icy Heart
/comic/lucky-adventure-in-the-survival-game_24525723505815401,Lucky Adventure in the Survival Game
/comic/tale-of-the-untouchable-president_13138753605823701,Tale of the Untouchable President 
/comic/daddy-from-hell_20327337506426601,Daddy From Hell
/comic/fiery-boss-control-yourself!_17959846405729201,"Fiery Boss, Control Yourself!"
/comic/the-ultimate-immortal_15610819505149801,The Ultimate Immortal
/comic/reblooming-in-the-palace_21289675806089801,Reblooming In the Palace
/comic/the-three-body-problem_20679289206886001,The Three-Body Problem
/comic/misbehave_20683100705708801,Misbehave
/comic/my-dear-concubine_13138210005821001,My Dear Concubine
/comic/hey-your-wife-made-the-headline-again_21604878105780501,"Hey, your wife made the headline again"
/comic/she-may-not-be-cute_18814178906281201,She May Not Be Cute
/comic/vicious-luck_11719750406487901,Vicious Luck
/comic/young-hot-lady-from-the-village-(season-2)_17129620805573301,Young Hot Lady From The Village (Season 2)
/comic/psychic-princess-s2_21224799805641701,Psychic Princess S2
/comic/the-revenge-of-danzhu_22479002905565101,The Revenge of Danzhu
/comic/an-endless-night-with-him_13138826505824301,An Endless Night With Him
/comic/money-talks_20680529905680001,Money Talks
/comic/the-amnesiac-wife_21288001205832401,The Amnesiac Wife
/comic/if-i-never-loved-you_21941963406609701,If I Never Loved You
/comic/dear-love-hunter_23169832906444401,Dear Love Hunter
/comic/myriad-paths-of-the-dragon-emperor_23185082506498701,Myriad Paths of the Dragon Emperor
/comic/forced-to-date-with-boss-everyday_23694854506604301,Forced to Date with BOSS Everyday
/comic/lonely-city_21287686605829101,Lonely City
/comic/lie-by-the-pillow_15244878705603001,Lie By The Pillow
/comic/phoenix-of-destiny_20249654405474701,Phoenix Of Destiny
/comic/the-adorable-vampire_21286656606062901,The Adorable Vampire
/comic/my-overbearing-senior-sister_20680443506898501,My Overbearing Senior Sister
/comic/the-ex_20275454805733001,The Ex
/comic/venom-doctor_24067322705648001,Venom Doctor
/comic/my-boss-is-a-vampire-turned-cat_17370234805577301,My Boss Is a Vampire Turned Cat
/comic/bloodline-of-dragons_20275517706912501,Bloodline of Dragons
/comic/devil-in-a-suit_19781351505223501,Devil in a Suit
/comic/bring-a-wolf-home_23964560805785301,Bring A Wolf Home
/comic/let's-fall-in-love_21286650205821501,Let's Fall in Love
/comic/x-ray-vision_17129675105573501,X-Ray Vision
/comic/let-me-go-your-cold-boss_17544916305421501,"Let Me Go, Your Cold Boss"
/comic/love-for-life_24111111806239501,Love for Life
/comic/spoiled-medical-princess-thelegend-of-alkaid_23964629406008901,Spoiled Medical Princess:TheLegend of Alkaid
/comic/my-dearest-4-fianc%C3%A9s_21289106405840601,My Dearest 4 Fiancés
/comic/the-devil's-exclusive-sweetheart_21289815606091101,The Devil's Exclusive Sweetheart
/comic/the-president's-private-secretary_13138887306885501,The President's Private Secretary
/comic/the-king's-heart-is-mine_24751206305731901,The King's Heart is Mine
/comic/shameless-mage_17252617205059401,Shameless Mage
/comic/falling-all-in-you_22479026205565301,Falling All in You
/comic/global-collapse_21061883006309301, Global collapse
/comic/private-devil-puppy_20683046505708201,Private Devil Puppy
/comic/femme-fatale-the-president's-deadly-wife_13137943906878401,Femme Fatale: The President's Deadly Wife
/comic/mr.-zhou-forced-marriage-is-illegal!_13138230005821201,"Mr. Zhou, Forced Marriage Is Illegal!"
/comic/my-snapping-fox-lord_21287036506064401,My Snapping Fox Lord
/comic/in-a-heartbeat_13138992205825401,In A Heartbeat
/comic/i-might-have-too-many-husbands_21053038505013301,I Might Have Too Many Husbands 
/comic/defective-lovers_21289189605841201,Defective Lovers
/comic/love-me-heal-me_21290888406096301,"Love Me, Heal Me"
/comic/peerless-refiner_13136934705815301,Peerless Refiner
/comic/revolutionary_23964577906007201,Revolutionary
/comic/all-these-wild-men-want-to-marry-me!_23826141306791801,All These Wild Men Want to Marry Me!
/comic/the-prince-relies-on-me_23703183106682401,The Prince Relies on Me
/comic/can't-say-no_22262140705194801,Can't Say No
/comic/love-of-flourishing-age_23964604506008301,Love of Flourishing Age
/comic/revival-all-powerful-son-in-law_20679916105672801,Revival: All Powerful Son-In-Law
/comic/reborn-as-a-playgirl_21290897006096401,Reborn as a playgirl
/comic/mr.-undead's-way-to-throne_20679958005673301,Mr. Undead's Way to Throne
/comic/the-misguided_21288984406083501,The Misguided
/comic/all-starts-with-ubume_21061894505079201,All starts with Ubume
/comic/the-super-book-of-death_23843672106939001,The Super Book of Death
/comic/married-to-my-love-rival_21288529206079201,Married To My Love Rival
/comic/the-strong-the-few-true-cultivators-on-campus_24007484405199301,"The Strong,The Few,True Cultivators on Campus"
/comic/mercy-killing_24861247005037301,Mercy killing
/comic/a-god's-ascension_13053265606548201,A God's Ascension
/comic/i'm-not-a-drag-queen!_15611072005152901,I'm Not a Drag Queen!
/comic/blue-and-white-association_21061902406309501,Blue and White Association
/comic/demon-in-love_17544770905420701,Demon In Love
/comic/into-u_22054536306253201,Into U
/comic/born-to-be-a-legend_20680411205678301,Born To Be A Legend
/comic/scavengers-at-doom_21095917606428601,Scavengers At Doom
/comic/an-abnormal-affection_13138746105823601,An Abnormal Affection
/comic/oh-no!-it-became-a-spirit!_21287925005832001,Oh No! It Became A Spirit!
/comic/romantic-cure-for-gynophobia-s1_21290343706094001,Romantic Cure for Gynophobia S1
/comic/slayerdramon-ant_17129637306709401,Slayerdramon Ant
/comic/lost-in-the-wrong-world_20680124206895701,Lost In The Wrong World
/comic/my-queer-love-story-s1_21289864706091701,My Queer Love Story S1
/comic/living-with-the-emperor-s1_21286114606060201,Living with The Emperor S1
/comic/under-the-same-roof_21292240605858301,Under the Same Roof
/comic/billionaire-player_18383380606609901,Billionaire Player 
/comic/the-unspeakable-touch_21287530206069001,The Unspeakable Touch
/comic/embarassed-to-be-kissed-by-the-president_13139013405825801,Embarassed To Be Kissed By The President
/comic/heavenly-music-familiar-spirits_21286431506062301,Heavenly Music Familiar Spirits
/comic/marry-the-uncle-of-my-ex_23809429306631801,Marry the Uncle of My EX
/comic/player-max_18400709106678401,Player Max
/comic/miracle-doctor-abandoned-girl_21287866206073301,"Miracle Doctor, Abandoned Girl"
/comic/the-three-realms-online-shop_23876328305963001,The Three Realms Online Shop
/comic/the-peerless-demon-emperor_18382208706604101,The Peerless Demon Emperor
/comic/i-own-infinite-legendary-blades_24811019106122201,I Own Infinite Legendary Blades
/comic/a%C2%A0toyboy's-temptation_21287549605828001,A Toyboy's Temptation
/comic/metal-goddess-soldier_14797200506728001,Metal Goddess Soldier
/comic/absolutely-vision_18789557605016401,Absolutely Vision
/comic/devil's-boy_21287317806066201,Devil's Boy
/comic/death-never-stop-heroes_12764997405133801,Death Never Stop Heroes
/comic/warlord-husband%EF%BC%9Ashenshen-is-gonna-be-the-winner_13138073806879501,Warlord Husband：Shenshen is Gonna be the Winner
/comic/the-outcast_13345397905499901,The Outcast
/comic/trading-with-immortals_20680514305679801,Trading with Immortals
/comic/spiritpact_21277640805796501,Spiritpact
/comic/super-villain-system_23964586006007801,Super Villain System
/comic/skyfire-avenue_17224607605940701,Skyfire Avenue
/comic/childe-jiang-would-you-marry-me_13138241306881501,"Childe Jiang, Would You Marry Me? "
/comic/bloodthirsty-husband-mistaken-bride-you're-not-getting-away!_13138027005819401,"Bloodthirsty Husband: Mistaken Bride, You're Not Getting Away!"
/comic/a-dragon-in-the-abyss_20680292106897301,A Dragon in the Abyss
/comic/billionaire-house-dad_21286795105821901,Billionaire House Dad
/comic/unequal-treaty-of-adoration_23964547705785201,Unequal Treaty of Adoration
/comic/counterattack-of-a-scheming-princess_24171185606754401,Counterattack of a scheming princess
/comic/second-chance-life-second-hand-love_21290451406094701,"Second-chance Life, Second-hand Love"
/comic/the-last-tomb-keeper_16585015405470301,The Last Tomb Keeper
/comic/strongest-cultivation-system_23964570405785401,Strongest Cultivation System
/comic/martial-inheritance_20689233005768801,Martial Inheritance
/comic/taming-the-polar-bear_21289276706085501,Taming The Polar Bear
/comic/foodie-with-a-scripture-for-primordial-chaos_18728481105750701,Foodie With A Scripture For Primordial Chaos 
/comic/you're-the-apple-of-my-eye_21287480105827001,You're the Apple of My Eye
/comic/love-against-all-odds_21291432506099101,Love Against All Odds
/comic/be-my-only-love_20327378306427301,Be My Only Love
/comic/onward-hell-officer!_21291475805854701,"Onward, Hell Officer!"
/comic/continent-of-stranded-dragon_24716486205581001,Continent of Stranded Dragon
/comic/master-of-x-ray-vision_17544703705420001,Master of X-RAY Vision
/comic/the-dreamlike-seal_21287971305832201,The Dreamlike Seal
/comic/lovesickness_21289724505847101,Lovesickness
/comic/my-catnip-meow!_21290733406096101,"MY CATNIP, MEOW!"
/comic/the-heir-is-here-quiet-down-school-prince!_11617480306443101,"The Heir is Here: Quiet Down, School Prince!"
/comic/an-urban-cultivation-frenzy_16706155605913301,An Urban Cultivation Frenzy
/comic/i-am-really-not-the-son-of-providence_23817565306697901,I Am Really Not The Son Of Providence 
/comic/my-foster-brother-my-perfect-hubby_17544757306523701,"My Foster Brother, My Perfect Hubby"
/comic/fiery-consort_13136951805815501,Fiery Consort
/comic/godly-figurines-descend_16765242606285501,Godly Figurines Descend
/comic/even-if-you're-ugly_21286301206061201,Even If You're Ugly
/comic/villainous-diva-empress!_18548532306249701,Villainous Diva Empress!
/comic/demon's-ears_20683909106941301,Demon's Ears
/comic/to-survive-999-calamities_23694803905343701,To Survive 999 Calamities
/comic/cheating-men-must-die_21086483105159601,Cheating Men Must Die
/comic/bossy-childe-train-my-naughty-wife_19005484506056101,Bossy Childe: Train My Naughty Wife 
/comic/the-king's-beloved-daughter_21287612206069601,The King's Beloved Daughter
/comic/war-in-the-kitchen_13345799405501601,War in the Kitchen
/comic/the-spanking-boss_13138710106883901,The Spanking Boss
/comic/a-fabulous-dream-with-my-master_21291510706099501,A Fabulous Dream with My Master
/comic/cute-wife-at-home-never-marry-a-crafty-husband_15610717906250301,Cute Wife at Home: Never Marry a Crafty Husband
/comic/male-servant-concentration-camp_20679445006888601,Male Servant Concentration Camp
/comic/my-super-hot-mom-is-an-assassin_17544671705419701,My Super Hot Mom Is An Assassin
/comic/human-body-cultivation_14710462506442501,Human Body Cultivation
/comic/the-brainy-goddess_21291603305855301,The Brainy Goddess
/comic/the-president's-lovely-darling_13139001305825501,The President's Lovely Darling
/comic/cupid's-chocolate_14796808606725901,Cupid's Chocolate
/comic/you-are-the-one-sweet-lover_13138175305820601,You Are the One: Sweet Lover
/comic/the-nine-star-technique_20680641706902001,The Nine-star Technique
/comic/the-war-against-being-single_16765255505155901,The War Against Being Single
/comic/scents-of-seasons-s3-sweet-trap_21290672206096001,Scents of Seasons S3: Sweet Trap
/comic/refusing-the-tyrant's-favor-the-fierce-princess_13138771906884401,Refusing the Tyrant's Favor:the Fierce Princess
/comic/the-greatest-deity_18434323106808801,The Greatest Deity
/comic/metamorphosis_13345839406558801,Metamorphosis
/comic/my-queer-love-story-s2_21292515905860501,My Queer Love Story S2
/comic/invest-in-me_21291929206101401,Invest In Me
/comic/the-song-of-love_21289697206090101,The Song of Love
/comic/bodyguard-in-disguise_21292823206105801,Bodyguard in Disguise
/comic/ascend_20241558005389801,Ascend
/comic/the-ultimate-school-doctor_20680079705674201,The Ultimate School Doctor
/comic/overnight-riches-i-married-the-director_13138815206885001,Overnight Riches: I married the Director
/comic/from-riches-to-rags_21292682205861501,From Riches To Rags
/comic/dr.don_15705284806811001,Dr.Don
/comic/empress'-conquest_21941952106609601,Empress' Conquest
/comic/the-devil-plays-games_21290230006093701,The Devil Plays Games
/comic/skill-unparalleled_12265544306180701,Skill Unparalleled
/comic/her-smile-is-so-sweet_21289648005846801,Her Smile is So Sweet
/comic/being-the-reality_13345693006558101,Being the Reality
/comic/let-me-in_21289335905842401,Let Me In
/comic/fairies-cultivation-manual-s1_20679203805665601,Fairies Cultivation Manual S1
/comic/stuck-in-a-girls-body_24716498305581201,Stuck in a Girls Body
/comic/emperor-is-back_23324796006116901,Emperor Is Back
/comic/i'm-really-not-a-goddess_20679409005667301,I'm Really Not A Goddess
/comic/once-upon-a-time-in-spirit-sword-mountain_20680790105684701,Once Upon a time in Spirit Sword Mountain
/comic/the-drag-queen-hasn't-gotten-a-proposal-yet_21287639506069801,The Drag-Queen Hasn't Gotten a Proposal Yet
/comic/love-in-sync_21292405205859401,Love In-Sync
/comic/my-timeless-beauty_24525689306094601,My Timeless Beauty
/comic/my-ancestors-rolled-in-money_20680468206898701,My Ancestors Rolled in Money
/comic/fell-in-love-with-gf's-brother-s2_21288364805835601,Fell in Love with GF's Brother S2
/comic/my-alluring-husband_21289191206084901,My Alluring Husband
/comic/please-don't-my-prince_21225882206888001,"Please Don't, My Prince"
/comic/the-starry-night_21290639905851701,The Starry Night
/comic/being-an-idol-starts-with-breaking-bricks_24863336606312901,Being an Idol Starts with Breaking Bricks
/comic/classroom-of-despair_13137962006878601,Classroom of Despair
/comic/love-appeal_21290009606093101,Love Appeal
/comic/tower-into-the-clouds_14798134905653501,Tower into the Clouds
/comic/romance-in-toronto_13138157106880301,Romance in Toronto
/comic/marked-by-a-vampire-actor_21287773305830401,Marked By A Vampire Actor
/comic/billionaire's-masked-bride_23169687705212901,Billionaire's Masked Bride
/comic/the-deathless_20682869805705301,The Deathless
/comic/my-daddy-is-a-cultivator_21362327906281801,My Daddy is a Cultivator
/comic/mercury-express_21291868806101101,Mercury Express
/comic/curse-of-loulan-s1-the-tyrant-bestows-favor-on-me_21286165306060401,Curse of Loulan S1: The Tyrant Bestows Favor on Me
/comic/before-love-kills-me_21291236906098401,Before Love Kills Me
/comic/collecting-the-divine_11617607806443201,Collecting the Divine
/comic/romance-between-regents_21287815905831301,Romance Between Regents
/comic/my-deskmate-is-a-devil_21288659906080501,My Deskmate is A Devil
/comic/a-marriage-for-sale_21993813705557401,A Marriage for Sale
/comic/my-otp-is-so-sweet-that-i-want-to-fall-in-love_24794088306072001,My OTP is So Sweet That I Want to Fall in Love
/comic/don't-touch-me!_21288107606075601,Don't Touch Me!
/comic/bedtime-fairy-tales_21287805505831101,Bedtime Fairy Tales
/comic/senior-brother-please-act-according-to-the-script_21225877505644701,"Senior Brother, Please Act According to the Script"
/comic/no.-63-pompeii-street_20680404205678101,No. 63 Pompeii Street
/comic/my-wife-is-prince-charming_21292070006102501,My Wife is Prince Charming
/comic/the-supreme-master_24171332506757101,The Supreme Master
/comic/the-opulent-love-she-can't-escape_20318420706340501,The Opulent Love She Can't Escape
/comic/three-months-to-live_21290044005849101,Three Months to Live
/comic/the-fallen-spirit-master_14798229205653701,The Fallen Spirit Master 
/comic/there-goes-the-world_20680197606896101,There Goes the World
/comic/romance-with-my-boss_13138908106885701,Romance With My Boss
/comic/general-you-may-leave-now_21105539305225601,"General, You May Leave Now"
/comic/from-north-to-south_24861217606294801,From North to South
/comic/i-swapped-bodies-with-my-idol!_13137125206873801,I Swapped Bodies with My Idol!
/comic/binary-warfare_17614983605817301,Binary Warfare
/comic/revenge-with-the-demon-king_23964622206008701,Revenge with the Demon King
/comic/my-manservant-prince_21289720106090501,My Manservant Prince
/comic/my-obsession-is-you_21286895906063601,My Obsession Is You
/comic/rumor-lovers_21290520206095201,Rumor Lovers
/comic/chase-after-you_21290930206096801,Chase After You
/comic/love-x_14710505205373801,LOVE-X
/comic/sexy-food_20689218006989301,Sexy Food
/comic/prince's-pampered-wife_24171326206757001,Prince's Pampered Wife
/comic/into-the-net!_16585015206590101,Into the Net!
/comic/from-mouselike-to-godlike_20689209206989001,From Mouselike To Godlike
/comic/supporting-role-strikes-back_23644764906178301,Supporting Role Strikes Back
/comic/choose-one-right-girl-from-ten-fiancees-as-dad-commanded_23697322805370601,Choose One Right Girl from Ten Fiancees as Dad Commanded
/comic/%EF%BB%BFidols-unlimited-99%25_21288769906081301,﻿Idols Unlimited 99%
/comic/love-can-be-seen_21292057906102401,Love Can Be Seen
/comic/my-romance-tutor_21290490306095001,My Romance Tutor
/comic/charm-of-soul-pet_22479015605565201,Charm of Soul Pet
/comic/prince-charming's-loving-gaze_17639977205988401,Prince Charming's Loving Gaze
/comic/get-off!-dr.-ghost_21288715006080801,Get off! Dr. Ghost
/comic/hold-it-right-there-mr.-two-face!_21292029405856901,"Hold It Right There, Mr. Two-Face!"
/comic/she-is-also-cute-today!_18814373005122901,She Is Also Cute Today!
/comic/how-the-princess-became-the-queen_21290143705850001,How the Princess Became the Queen
/comic/falling-for-my-neighbor_23169887605213901,Falling For My Neighbor
/comic/the-rise-of-martial-god_20550046305359801,The Rise of Martial God
/comic/cat-sword_14797857305652301,Cat & Sword
/comic/lone-swan_21286596305821401,Lone Swan
/comic/time-crossed-lovers_21289915105848101,Time-crossed Lovers
/comic/supreme-yanluo-system_15611086005153101,Supreme Yanluo System
/comic/living-with-the-emperor-s2_21397708605139401,Living with The Emperor S2
/comic/the-princess-wants-to-make-trouble-every-day_23697294705370301,The Princess Wants to Make Trouble Every Day
/comic/chocolate-is-bad-for-dogs-(no-choco-for-doggo)_21289207005841401,Chocolate is Bad for Dogs (No Choco for Doggo)
/comic/girl-and-science_16706144006036801,Girl and Science
/comic/i-must-be-the-empress_21292794705861901,I Must Be the Empress
/comic/the-lord-of-no-boundary_20681162705688501,The Lord of No Boundary
/comic/the-peerless-ancient_24171366406757801,The Peerless Ancient
/comic/lock-you-up_21288024706074601,Lock you up
/comic/stop-teasing-me-mr.-zhou_21292447705859901,"Stop Teasing Me, Mr. Zhou"
/comic/my-beautiful-time-with-you_12992009406330801,My Beautiful Time with You
/comic/sweet-first-love-s1_21286182305820101,Sweet First Love S1
/comic/dr.-savior_20679528505668501,Dr. Savior
/comic/the-evil-ceo_13138761305823801,The Evil CEO
/comic/my-cultivator-girlfriend_13345532505500301,My Cultivator Girlfriend
/comic/between%C2%A0lips%C2%A0and%C2%A0teeth_21288541606079401,Between Lips and Teeth
/comic/the-top-clan-leader-in-history_12273059405179601,The Top Clan Leader In History
/comic/hunky-and-shorty_21290769005852301,Hunky and Shorty
/comic/plastic-surgery_17425598205820801,Plastic Surgery
/comic/finally-living-with-my-hater_21288370506077501,Finally Living With My Hater
/comic/qin_21290204505850201,QIN
/comic/best-wedding_17544689706523201,Best Wedding
/comic/game-changer_20680150905675201,Game Changer
/comic/love-game_14798019206730201, Love Game 
/comic/yes-my-lady!_21291185205853601,"Yes, My Lady!"
/comic/post-apocalyptic-gold-hunter_21292603105861201,Post-Apocalyptic Gold Hunter
/comic/phoenix-in-disguise_20662261105488901,Phoenix in Disguise
/comic/the-forced-demon-lord_24794138106072201,The Forced Demon Lord
/comic/his-majesty-the-cat_21288946606083101,His Majesty the Cat
/comic/the-vanishing-classroom_13137994105819001,The Vanishing Classroom 
/comic/general-and-her-medic-lover_21289793406091001,General And Her Medic Lover
/comic/my-boyfriend-is-a-cat-person_21289713806090401,My Boyfriend is a Cat Person
/comic/hollow-in-the-deep_21288821205838501,Hollow in the Deep
/comic/my-maid-is-a-demon_12144230606989301,My Maid is a Demon
/comic/hello-heir_17129647006709601,"Hello, heir"
/comic/love-is-never-enough_21941999005360801,Love Is Never Enough
/comic/fox-spirit-matchmaker_14796866806726201,Fox Spirit Matchmaker
/comic/lead-me-follow-you_21290436706094601,"Lead Me, Follow You"
/comic/guide-me-find-you_21289397705842701,"Guide Me, Find You"
/comic/it's-not-easy-to-be-a-man-after-travelling-to-the-future_17070047306484101,It's Not Easy to Be a Man After Travelling to the Future
/comic/1-000-ways-to-rehabilitate-villains_21290740905852101,"1,000 Ways to Rehabilitate Villains"
/comic/pay-me-back-mr.-cat_21292789706105501,"Pay Me Back, Mr. Cat"
/comic/scents-of-seasons-s1-late-blossom_21287913506073801,Scents of Seasons S1: Late Blossom
/comic/super-shame_13345643805501001,Super Shame
/comic/bloody-heavens_13345587706557801,Bloody Heavens
/comic/17-again-smart-is-the-new-sexy_21292585305861001,17 Again: Smart is the New Sexy
/comic/the-best-female-fairy_12393364306377501,The Best Female Fairy
/comic/petals-fade-into-a-dream_21289775405847201,Petals Fade into a Dream
/comic/melancholy_24794100205814501,Melancholy
/comic/the-coming-doomsday_19783603305232001,The Coming Doomsday
/comic/color-of-silence_21291380005854501,Color of Silence
/comic/miracle-doctor-abandoned-girl_12318315705255801,"Miracle Doctor, Abandoned  Girl"
/comic/evil-or-live_13345466205500201,Evil Or Live
/comic/little-moments_21288616406080001,Little Moments
/comic/the-sect-headmaster-is-only-eight_24861260105037501,The Sect Headmaster is Only Eight
/comic/honey-moon_21289082605840101,Honey Moon
/comic/curse-of-loulan-s2-save-my-tyrant_21288341606077101,Curse of Loulan S2: Save My Tyrant
/comic/the-benevolent-demon_16649249605694101,The Benevolent Demon
/comic/my-king-hasn't-come-of-age_21286712205821701,My King Hasn't Come Of Age
/comic/my-harem-depends-on-drawing-cards_21290816405852501,My Harem Depends on Drawing Cards
/comic/i'm-not-an-evil-antagonist-actress_17553987005472101,I'm Not An Evil Antagonist Actress
/comic/the-sword-and-the-brocade_23936542706726501,The Sword and the Brocade
/comic/here-comes-my-queen_21288383205835701,Here Comes My Queen
/comic/never-dead_14798156106730601,Never Dead
/comic/sweet-blood_21289428205843101,Sweet Blood
/comic/tale-of-the-crystal-shoes_17070174005350801,Tale of the Crystal Shoes
/comic/she-had-you-at-hello_21993776005556401,She Had You at Hello
/comic/the-devil-ring_14797956706729901,The Devil Ring
/comic/no-escape-my-captive_21292809606105601,"No Escape, My Captive"
/comic/the-legendary-villain-princess_21287738806071001,The Legendary Villain Princess
/comic/can't-be-friends-with-girls_24794108005814601,Can't be Friends with Girls
/comic/whisper_21288247705834201,Whisper
/comic/dragon-boys'-love-affairs-s1_21286873105822401,Dragon Boys' Love Affairs S1
/comic/the-girls'-dorm_13137141306874001,The Girls' Dorm
/comic/the-ceo-says-i'm-a-noob_21291765905856101,The CEO Says I'm a Noob
/comic/hold-my-hand-sweet-love_21291409305854601,"Hold My Hand, Sweet Love"
/comic/my-vampire-lover_21286221305820301,My Vampire Lover
/comic/meant-to-be_21291690005855901,Meant to Be
/comic/the-modern-dracula_21290915906096501,The Modern Dracula
/comic/romance-of-the-heavenly-chef_20680618705682401,Romance of the Heavenly Chef
/comic/liquor-gummies_24861226806294901,Liquor Gummies
/comic/mu-lian's-haunted-metropolis_14710535805374001,Mu Lian's Haunted Metropolis
/comic/let-me-touch-you_21292305506103101,Let Me Touch You
/comic/tales-of-the-demon_21291626406100301,Tales of the Demon
/comic/my-master-disconnected-yet-again_14588647905860901,My Master Disconnected Yet Again
/comic/vampire-x-hunter_20682969005706901,Vampire X Hunter
/comic/the-best-actress-returns_21289333705842301,The Best Actress Returns
/comic/my-polaris_17544800405420901,My Polaris
/comic/the-innocent-city_16127444906078601,The Innocent City
/comic/crossing-worlds-provocation_24318656306833401,Crossing Worlds Provocation
/comic/our-encounter_14017948606067801,Our Encounter
/comic/my-name-is-love_14011202006027801,My Name is Love
/comic/bloodivores_13345748806558501,Bloodivores
/comic/romance-with-vampires_21292737006104801,Romance With Vampires
/comic/twin-detective_14797904505652601,Twin Detective
/comic/light-of-your-soul_21289310605842101,Light Of Your Soul
/comic/way-to-be-immortal_20681243505689401,Way To Be Immortal
/comic/take-care-my-demon-king_21286253906060901,"Take Care, My Demon King"
/comic/demon-prince's-dating-guide_21289148906084701,Demon Prince's Dating Guide
/comic/tong-wan_13138109105820101,Tong Wan
/comic/scents-of-seasons-s2-my-beauty_21288355505835301,Scents of Seasons S2: My Beauty
/comic/the-invincible-tactics_17465403105015301,The Invincible Tactics
/comic/daji-isn't-a-bad-fox_21290311905850501,Daji Isn't a Bad Fox
/comic/courting-the-couriers_16706182306037001,Courting The Couriers
/comic/luxury-romance-my-supershining-cute-wife_17544779006523801,Luxury Romance: My Supershining Cute Wife
/comic/related-to-love_18814305105122501,Related to Love
/comic/the-princess-is-a-man_21288914506082501,The Princess Is a Man
/comic/empress-dislikes-this_21105523906456501,Empress Dislikes This
/comic/the-immortal-in-me_20662270305489201,The Immortal In Me
/comic/book-of-yaoguai_14797122706727401,Book of Yaoguai
/comic/a-collection-of-creepy-cases_20679875406892901,A Collection of Creepy Cases
/comic/wolf-billionaire's-sweet-lover_24171310106756701,Wolf Billionaire's Sweet Lover
/comic/hang-in-there-bro_24794150706072401,"Hang In There, Bro"
/comic/the-urban-miracle-doctor_15610850306251901,The Urban Miracle Doctor
/comic/golden-pair-of-justice_20681197705688801,Golden Pair of Justice
/comic/qi-tian_14798272106731001,Qi Tian
/comic/ancestor-to-five-hunks_21053104106243401, Ancestor to Five Hunks
/comic/princess-in-adversity_18814291905122401,Princess in Adversity
/comic/icy-boy-and-icy-girl_17640121606109701,Icy Boy and Icy Girl
/comic/my-right-hand-is-alive_17544818405421201,My Right Hand Is Alive
/comic/halfway-in-love_17008981305122701,Halfway in Love
/comic/dafeng's-night-squad_23694878805344501,Dafeng's Night Squad
/comic/my-1-4-boyfriend_21290372006094101,My 1/4 boyfriend
/comic/my-lovely-forensic-wife_15610870405150301,My Lovely Forensic Wife
/comic/rules-of-lips-and-tongues_21289306106085901,Rules of Lips and Tongues
/comic/zero-touch_24861280505038001,Zero Touch
/comic/here-lies-the-wicked_17070165105350701,Here Lies the Wicked
/comic/solely-favored-by-the-cat-like-campus-hunk_21291308305854001,Solely Favored by the Cat-like Campus Hunk
/comic/time-retrograde_24794121706072101,Time Retrograde
/comic/becoming-a-boss-starts-with-spending-money_21053126705014601,Becoming A Boss Starts With Spending Money
/comic/persistent-lover_24171172205466001,Persistent Lover
/comic/legend-reboot_16913786206864501,Legend Reboot
/comic/i'll-make-the-scumbags-cry-their-hearts-out_18253899905907201,I'll Make the Scumbags Cry Their Hearts Out
/comic/the-sect-master-is-not-an-idiot!_13137626306876701,The Sect Master Is Not an Idiot!
/comic/super-son-in-law-in-another-world_20680246605676601,Super Son-in-law In Another World
/comic/dragon-boys'-love-affairs-s2_21287390706067001,Dragon Boys' Love Affairs S2
/comic/different-ages_21292208605857901,Different Ages
/comic/thank-youdoctor_24716460406854801,Thank YouDoctor
/comic/fairies-cultivation-manual-s2_20785533706975401,Fairies Cultivation Manual S2
/comic/hey-be-my-star-boyfriend!_21288207905833801,"Hey, be my star boyfriend!"
/comic/the-best-trader-on-earth_22848255006798801,The Best Trader on Earth
/comic/an-accident_14797793706729501,An Accident
/comic/white-throne-of-bones_17008999105122901,White Throne of Bones
/comic/three-point-line-of-love-s2_21289255506085301,Three-Point Line Of Love S2
/comic/weak-pretty-school-boy's-love-story_21290093805849701,Weak Pretty School Boy's Love Story
/comic/touch-of-a-herbal-petal_21291490906099401,Touch of a Herbal Petal
/comic/the-rogue-teacher_16913823505719701,The Rogue Teacher
/comic/cat-demon's-seduction-s2_21292822606105701,Cat Demon's Seduction S2
/comic/unmarried-daddy_21289843506091401,Unmarried Daddy
/comic/spark-fly_21291588706100201,Spark Fly
/comic/stop-that-my-vampire-commander_21288257305834401,"Stop that, My Vampire Commander"
/comic/pounding-heart-300-seconds_14798307205654001,Pounding Heart 300 Seconds
/comic/cotton-candy-daydreamer_21292562506104301,Cotton Candy & Daydreamer
/comic/secrets-of-the-night-clan-(vampire-love)_21286933705822601,Secrets of the Night Clan (vampire love)
/comic/hollabook-girl_21291044606097901,Hollabook Girl
/comic/the-proto-eye_16649266806817401,The Proto-Eye
/comic/playing-opposite-you_21289529405844901,Playing Opposite You
/comic/the-worst-infatuation_21288061705832901,The Worst Infatuation
/comic/three-point-line-of-love-s1_21290288506093801,Three-Point Line of Love S1
/comic/death-field_17008990005122801,Death Field
/comic/the-return-of-an-avenging-angel_17544735705420301,The Return of an Avenging Angel
/comic/i'm-no-longer-evi_21292651205861401,I'm No Longer Evi
/comic/my-virtual-boyfriend-in-real_21292814405862001,My Virtual Boyfriend in REAL
/comic/doomsday-wonderland_22063183205075501,Doomsday Wonderland
/comic/infinity-mailman_16161154806161201,Infinity Mailman
/comic/demon-lady's-rule_20680578005680901,Demon Lady's Rule
/comic/underage-eve_16490432206241401,Underage Eve
/comic/my-dear-mascot-girl_21292751106104901,My Dear Mascot Girl
/comic/the-king's-first-embrace-(western-eastern-vampire)_21286978905822901,The King's First Embrace (western & eastern vampire)
/comic/sorry!-the-system-is-awesome_22778900306392301,Sorry! The System is Awesome
/comic/live-harem-show_21289319706086101,Live Harem Show
/comic/bright-lovers_21289704805847001,Bright Lovers
/comic/survivor-of-doomsday_24301778905420101,Survivor of Doomsday
/comic/either-love-or-die_20679628806890101,Either Love or Die
/comic/jack-of-all-trades_14797075205649501,Jack of All Trades
/comic/we-won't-die-easily!_12169049706027301,We Won't Die Easily!
/comic/we-shan't-part-tonight_21292543106104201,We Shan't Part Tonight
/comic/my-boyfriend-is-younger-than-me_21291258405853701,My Boyfriend Is Younger Than Me
/comic/parasitic-girl_14797174106727801,Parasitic Girl
/comic/fresh-off-the-law_21291567206100001,Fresh Off the Law
/comic/the-dumbo-league_21290787605852401,The Dumbo League
/comic/the-tower-of-heaven_20679498405668301,The Tower of Heaven
/comic/true-love-was-right-beside-me_21291213806098301,True Love was Right Beside Me
/comic/my-boss-is-a-loli_20679383505666801,My Boss Is a Loli
/comic/please-don't-eat-me_21292113905857501,"Please, Don't Eat Me"
/comic/yove_21290680605851901,YOVE
/comic/the-heaven's-jailer_16914005405720401,The Heaven's Jailer
/comic/my-infant-elder-brother_20680393605677901,My Infant Elder Brother
/comic/my-life-as-a-witch_21292763706105001,My Life As A Witch
/comic/if-i-saw-your-world_21292222705858101,If I Saw Your World
/comic/matchmaking-no-way!_21291651605855501,Matchmaking? No Way!
/comic/zombie-brother_14796927406726601,Zombie Brother
/comic/i'm-not-an-honest-man_21291292905853901,I'm Not an Honest Man
/comic/genius-dolls_14797576105651601,Genius Dolls
/comic/the-devil's-guidebook-to-love_21290998606097401,The Devil's Guidebook to Love
/comic/a-guide-to-seduction_21292192806102801,A Guide to Seduction
/comic/the-great-divine-master_20681276605689901,The Great Divine Master
/comic/face-amnesia-girl_21289889305847701,Face Amnesia Girl
/comic/princess-is-not-a-boy_21290984205853101,Princess Is Not a Boy
/comic/hanzi-spirits_20679804106891501,Hanzi Spirits
/comic/cooking-for-gods_21291958706101601,Cooking for Gods
/comic/blind-date-terminator_21289565306088601,Blind Date Terminator
/comic/marry-me-my-prince-charming!_17544809605421101,"Marry Me, My Prince Charming!"
/comic/oh-my-little-white-dragon_21286410806062001,Oh My Little White Dragon
/comic/the-fake-beauty_18814380205123001,The Fake Beauty
/comic/spooky-street_20680274506897001,Spooky Street
/comic/love-you-beyond-my-thought_21889384606399701,Love You Beyond My Thought
/comic/my-classmate-was-a-dude_21290938706096901,My Classmate was a Dude
/comic/the-day-an-asteroid-fell-into-school_21579318106943901,The Day an Asteroid Fell Into School
/comic/sword-journey_20733474805230201,Sword Journey
/comic/i-don't-want-to-get-married_21289500105844201,I Don't Want to Get Married
/comic/adventures-with-snakes_21292281705858801,Adventures With Snakes
/comic/ceo-has-no-common-sense_21292484705860201,CEO Has No Common Sense
/comic/dominatrix-of-ghosts_20679824006891901,Dominatrix of Ghosts
/comic/scroll-of-the-realm_16706166006036901,Scroll of The Realm
/comic/into-the-net-s2_21291671805855801,Into The Net S2
/comic/waltz-with-my-demon-lord_21288865206082001,Waltz with My Demon Lord
/comic/suspected-confession_21292460406103901,Suspected Confession
/comic/twin-detective-s1_20662029606705001,Twin Detective S1
/comic/agent-love_20662069405487101,Agent Love
/comic/monster's-bar_21289219306085001,Monster's Bar
/comic/trap-of-the-goddess-s1_21291172106098101,Trap of the Goddess S1
/comic/i-allow-you-to-be-with-me_21291277805853801,I Allow You to be with Me
/comic/9-dan-girl_21290422506094501,9 Dan Girl
/comic/you-are-my-trouble_21289479205843701,You Are My Trouble
/comic/a-contract-with-mr.-herbivore_21289437406086501,A Contract With Mr. Herbivore
/comic/weird-stories_21290955406097101,Weird Stories
/comic/black-card_24569928306291601,Black Card
/comic/my-way-to-turn-the-tide_20681263306910401,My Way To Turn The Tide
/comic/sprite-idols_21289460306086701,Sprite Idols
/comic/i-taoist-wu-xin_24861268905037701,"I, Taoist Wu Xin"
/comic/cat-demon's-seduction-s1_21289640206089601,Cat Demon's Seduction S1
/comic/my-childhood-sweetheart-is-a-star_20679363406887401,My Childhood Sweetheart Is A Star
/comic/hey-nice-to-eat-you_21291993506101801,"Hey, Nice to Eat you"
/comic/happiness-in-disguise_21889390905147501,Happiness In Disguise
/comic/on-fire!-housekeeping-queen_21292336405859101,On Fire! Housekeeping Queen
/comic/beryl-and-sapphire_20679401206887901,Beryl and Sapphire
/comic/absolute-zero_17129665705573401,Absolute Zero
/comic/lose-control-of-myself_24690517906759201,Lose Control of Myself
/comic/a-free-ride-everyday_24716475006855101,A Free Ride Everyday
/comic/the-incredible-imperial-censors_20662044206705101,The Incredible Imperial Censors
/comic/flesh-coat_21291560205855101,Flesh Coat
/comic/red-cloud_21292166005857701,Red Cloud
/comic/upon-the-white-tiger_21291814105856201,Upon the White Tiger
/comic/twin-detective-s2_21291666405855601,Twin Detective S2
/comic/my-fox-demon-tutor_21292454506103801,My Fox Demon Tutor
/comic/come-on-my-mighty-brick_20680666205683601,"Come On, My Mighty Brick"
/comic/for-all-beings_20679857705672101,For All Beings
/comic/dominating-the-pugilistic-world-with-my-detective-skills_22063189806308701,Dominating the Pugilistic World With My Detective Skills
/comic/time-to-save-the-world-old-timer!_20679637405669901,"Time to Save the World, Old-Timer!"
/comic/the-long-life-hall_21289250205841901,The Long-life Hall
/comic/dream-eater's-den-of-fate_21291564106099901,Dream-eater's Den of Fate
/comic/the-king-of-spiritual-cuisine_24066359005635901,The King of Spiritual Cuisine
/comic/legend-of-the-demon-masters_21287476305826901,Legend of the Demon Masters
/comic/nothing-like-bossy-boss-manga_21291800306100701,Nothing Like Bossy-Boss Manga
/comic/ceo-x-otaku-girl_21889371705147101,CEO x Otaku Girl
/comic/the-assassin_20680816405685201,The Assassin
/comic/may-summer-never-end_21289135605840701,May Summer Never End
/comic/my-beauty-influencer-boyfriend_21292427805859501,My Beauty Influencer Boyfriend
/comic/forbidden-love_21292395505859301,Forbidden Love
/comic/winner-takes-all_20733450005229701,Winner Takes All
/comic/the-monk-and-the-dragon_21292085305857101,The Monk and the Dragon
/comic/living-next-door_21292155905857601,Living Next Door
/comic/living-with-my-bromeo-s1_20679404006888001,Living with My Bromeo S1
/comic/see-you-next-dimension_20680173805675501,See You Next Dimension
/comic/you-are-my-shooting-star_21292435605859701,You Are My Shooting Star
/comic/mysteries-cat-uncle's-late-night-story-collections_17224354906075901,Mysteries Cat: Uncle's Late Night Story Collections
/comic/prayers-for-ghosts_20679907506893501,Prayers For Ghosts
/comic/wishes-granted_21292273405858701,Wishes Granted
/comic/how-to-date-antiques_21287313705824401,How to Date Antiques
/comic/become-a-girl-at-night_21941991205360701,Become A Girl At Night
/comic/perpetual-roses-love-between-undeads_21292785106105401,Perpetual Roses: Love Between Undeads
/comic/identity-coincidence_20679882205672501,Identity Coincidence
/comic/it's-meant-to-be_17190716805805201,It's meant to be
/comic/journey-to-the-evil-land_20680491005679601,Journey to the Evil Land
/comic/when-does-the-flower-bloom_21292310905858901,When Does The Flower Bloom
/comic/house-of-masks_21289102205840301,House of Masks
/comic/chronicles-of-the-strange-park_20679565605669001,Chronicles of the Strange Park
/comic/another-me_21292328906103401,Another Me
/comic/money-city_21289300106085801,Money City
/comic/the-healing-bear-and-the-red-panda_21292139706102601,The Healing Bear and the Red Panda
/comic/trap-of-the-goddess-s2_21292267705858501,Trap of the Goddess S2
/comic/flowers-of-fog_21291362905854201,Flowers of Fog
/comic/the-mahjong-party_20679902005672701,The Mahjong Party
/comic/flowers-whispering_21889417305147901,Flowers Whispering
/comic/talisman-flag_20681210105688901,Talisman Flag
/comic/living-with-my-bromeo-s2_20679483006889001,Living with My Bromeo S2
/comic/gunfire_20680685905683801,Gunfire
/comic/let's-go!-streamer-girl_21289816106091201,Let's Go! Streamer Girl
/comic/the-dream-weaver_20679862906892701,The Dream Weaver
/comic/unconventional-taming-(unscientific-beast-taming)_25571948606557901,Unconventional Taming (Unscientific Beast Taming)
/comic/phantom-exorcists_25026432605590801,Phantom Exorcists
/comic/black-abyss-at-dawn_25086175206081001,Black Abyss at Dawn
/comic/his-mark-on-me_25138401305987701,His Mark on Me
/comic/this-world-is-way-too-dangerous_25234128806530301,This World Is Way Too Dangerous
/comic/the-divine-marrtial-stars_24957289106665001,The Divine Marrtial Stars
/comic/the-duke's-cute-and-tough-sweetheart_24992809706772901,The Duke's Cute and Tough Sweetheart
/comic/win-the-crowni'm-the-king_25137959305983901,Win the CrownI'm the King
/comic/lord-deity-please-let-me-go!_25234108406530201,"Lord Deity, Please Let Me Go!"
/comic/survival-game-365-days-to-escape_24957279706664901,Survival Game: 365 Days To Escape
/comic/i-returned-home-to-inherit-billions-of-fortunes-after-losing-my-job_25655870306774901,I Returned Home to Inherit Billions of Fortunes after Losing My Job
/comic/fantasy-i-am-not-a-master_26797851206514401,Fantasy: I Am Not a Master
/comic/this-merman-is-biting-me-again_25837370105089001,This Merman Is Biting Me Again
/comic/my-eight-husbands-are-here!_26139730305172001,My Eight Husbands Are Here!
/comic/bad-idol_26677168506134301,Bad Idol
/comic/when-the-doctor-becomes-overpowered_26986676705962101,When the Doctor Becomes Overpowered
/comic/b-is-for-boss_25198361005160601,B is For Boss
/comic/mysterious-twins_27679323100693401,Mysterious Twins
/comic/untouchable_27800360208411201,Untouchable
/comic/objective-marry-the-enemy-empress_27169848605630801,Objective: Marry the Enemy Empress
/comic/48-hours-a-day_25655856705518401,48 Hours a Day
/comic/my-little-dragon_26677199506134901,My Little Dragon
/comic/spare-me-monster!_27558311008017101,"Spare Me, Monster!"
/comic/wolf's-lies_26798968906519601,Wolf's Lies
/comic/my-divine-pet-enables-me-to-become-the-biggest-winner_26625286906953601,My Divine Pet Enables Me To Become The Biggest Winner
/comic/the-ace-has-a-secret-crush-on-me_25164930506327601,The Ace has a Secret Crush on Me
/comic/who's-spying_26313025005717401,Who's Spying
/comic/triplets-mr.-lis-sweetheart_25984486305596601,Triplets: Mr. Lis sweetheart 
/comic/after-rebirth-i-became-a-powerful-ministers-beloved_27895025300995501,"After Rebirth, I Became a Powerful Ministers Beloved"
/comic/meet-you-in-my-prime_25113780005905301,Meet You in My Prime
/comic/i-am-really-scared_26926662106028401,I am Really Scared
/comic/sold-to-a-prince!_26563564105504201,Sold to a Prince!
/comic/the-tyrant-prince's-last-promise_25899083605310701,The Tyrant Prince's Last Promise
/comic/caught-in-the-act_27921062208033901,Caught in the Act
/comic/invincible-beautiful-doctor-prince-be-my-man_27290705005047701,Invincible Beautiful Doctor: Prince Be My Man
/comic/cute-ogre_26677229305886801,Cute Ogre
/comic/killing-my-love_25198350606423101,Killing My Love
/comic/rebirth-of-the-ultimate-master_29103708308471701,Rebirth of the Ultimate Master
/comic/dolo's-destiny-capsule_27981543408184201,Dolo's Destiny Capsule
/comic/justice-mask_25897932206547901,Justice Mask
/comic/the-revered-one-has-a-history-me-and-my-suddenly-appearing-children_26684345906161001,The Revered One Has a History: Me and My Suddenly Appearing Children
/comic/policing-in-the-zhou-dynasty_27410837406682101,Policing in the Zhou Dynasty
/comic/ultimate-son-in-law_26253444705540701,Ultimate Son-in-law
/comic/how-a-ride-hailing-driver-comes-to-dominate-the-world_27290631105047501,How a Ride-hailing Driver Comes to Dominate the World?
/comic/i'll-never-be-a-greater-cultivator_28258560600259001,I'll Never Be a Greater Cultivator
/comic/my-twins-weave-our-thread-of-fate_27290672206294201,My Twins Weave Our Thread of Fate
/comic/father-have-you-studied-today_27532596008009301,"Father, Have You Studied Today?"
/comic/the-merman's-dilemma_28889735308423101,The Merman's Dilemma
/comic/extraordinary-evolution_28889706600301501,Extraordinary Evolution
/comic/alluring-hunk-in-women-wonderland_26504704905315501,Alluring Hunk in Women Wonderland
/comic/my-dragon-system_26382260705936901,My Dragon System
/comic/sir-don't-show-off_27886995400643401,"Sir, Don't Show Off"
/comic/lord-system_28654615100985601,Lord System
/comic/my-star-and-i_25198380006423501,My Star and I
/comic/this-divine-human-is-way-too-serious_28379411300637301,This Divine Human Is Way Too Serious
/comic/antagonist-turns-out-to-be-a-big-shot_27584217308534001,Antagonist Turns out to Be a Big Shot
/comic/starting-with-a-reward-of-100-million-lives_27229781106093701,Starting With A Reward Of 100 Million Lives
/comic/my-financial-backer-is-only-5-years-old_26124213805111301,My Financial Backer Is Only 5 Years Old
/comic/reincarnation-of-the-strongest-sword-god_26201805406620601,Reincarnation of the Strongest Sword God
/comic/everyone's-darling_29163849508113101,Everyone's Darling
/comic/i-brought-a-guard-in-ancient-times_25026455905591201,I Brought A Guard in Ancient Times
/comic/rebirth-of-a-useless-son-in-law-in-nirvana_27800332308410201,Rebirth of a Useless Son-in-law in Nirvana
/comic/the-divine-urban-physician_26563552805504101,The Divine Urban Physician
/comic/i-am-the-crowned-king-of-hearts_26720961006272501,I am the Crowned King of Hearts
/comic/mojito_26798928606519401,Mojito
/comic/my-self-discipline-makes-me-invincible_28015694208367501,My Self-Discipline Makes Me Invincible
/comic/seasons-of-love_28231026908214101,Seasons of Love
/comic/world-of-ruins_29163909508115801,World of Ruins
/comic/my-secret-crush_28612762708098301,My secret crush
/comic/the-game-that-i-came-from_25284646005454201,The Game That I Came From
/comic/i'm-really-not-targeting-the-mages_26625254106953301,I'm Really Not Targeting the Mages
/comic/the-story-of-a-30-year-old-gay-bachelor_26928676106035301,The Story of a 30-Year-Old Gay Bachelor
/comic/my-system-wants-me-dead_27110033106679601,My System Wants Me Dead
/comic/all-my-female-disciples-want-to-kill-me_26867741306805001,All My Female Disciples Want to Kill Me
/comic/lucky-me-i-secretly-cultivated-for-1-000-years_25054063005713801,"Lucky Me: I Secretly Cultivated for 1,000 Years"
/comic/be-the-queen-in-the-beast-world_27774226100400601,Be the Queen in the Beast World
/comic/blue-checkerboard_27921199200080701,Blue Checkerboard
/comic/apocalypse-online_25284655005454301,Apocalypse Online
/comic/inner-demon_28075100508433701,Inner Demon
/comic/rise-in-the-apocalyptic-world_28612738300001201,Rise in the Apocalyptic World
/comic/i-work-undercover-in-the-demon-world_28611101800924301,I Work Undercover in the Demon World
/comic/failed-to-ascend-so-i-became-a-witcher-instead_28611180508026301,"Failed to Ascend, So I Became a Witcher Instead"
/comic/after-rebirth-upgrading-through-consumption_28498798208040901,After Rebirth: Upgrading through Consumption
/comic/she-ancestor-dazzling-and-dashing_28498617800039501,"She-Ancestor, Dazzling and Dashing"
/comic/i-can-read-your-fate_28656214000061601,I Can Read Your Fate
/comic/sweet-invasion_25026416605590201,Sweet Invasion
/comic/my-5cm-life_25137949306246501,My 5cm Life
/comic/the-game-invades-the-earth_25137989306247101,The Game Invades the Earth
/comic/office-witch-falls-in-love_26798995306519801,Office Witch Falls in Love
/comic/falling-galaxy_26928630906035001,Falling Galaxy
/comic/chief-minister's-wife_26081268905960901,Chief Minister's Wife
/comic/i-have-yet-to-become-a-doll-today_26038066705793101,I Have Yet to Become a Doll Today
/comic/the-beauty-and-her-adonises_25897954306548001,The Beauty and Her Adonises
/comic/my-master-knows-it-all_27110019405428201,My Master Knows It All
/comic/i-hijacked-the-timeline_26081284905961201,I Hijacked the Timeline
/comic/my-charming-bandit_25198388306423601,My Charming Bandit
/comic/you-are-my-only-love_26435039605102801,You Are My Only Love
/comic/don't-touch-me_25086441706081801,Don't Touch Me
/comic/my-cute-consort-qiqi_27583031700479401,My Cute Consort Qiqi
/comic/keep-calm-mr-song_27350807605244201,"Keep Calm,Mr Song"
/comic/sensitive_28172211800239701,Sensitive
/comic/my-first-love-is-a-boy_27679279508621301,My First Love is a Boy
/comic/tales-of-a-blissful-life_13138177505820701,Tales of a Blissful Life
/comic/the-sealed-beasts_13138195306880801,The Sealed Beasts
/comic/follow-your-heart_27740191108104601,Follow Your Heart
/comic/the-marvelous-dr.-jiaoniang_25958412206746801,The Marvelous Dr. Jiaoniang
/comic/fleeting-time-burning-light_24957312506665101,"Fleeting Time, Burning Light"
/comic/the-werewolf-is-mine_27048691005184801,The Werewolf Is Mine
/comic/old-era-dragon-tamer_27410866105439001,Old Era Dragon Tamer
/comic/the-tyrant's-pet_26926596506028001,The Tyrant's Pet
/comic/constellation-door_26721340606273901,Constellation Door
/comic/divine-path-to-supremacy_26253418405540501,Divine Path to Supremacy
/comic/eternal-love_28654561208092901,Eternal Love
/comic/versatile-martial-arts-ace_26504768706554901,Versatile Martial Arts Ace
/comic/the-strongest-player_28172254700240701,The Strongest Player
/comic/i-am-the-fated-villain_26434988606344401,I am the Fated Villain
/comic/the-king-of-gaming-bugs!_25198369705160901,The King of Gaming Bugs!
/comic/general-watch-out-for-the-mad-dog!_26557282706730801,"General, Watch Out for the Mad Dog!"
/comic/crossing-destiny's-veil_27714607800015101,Crossing Destiny's Veil
/comic/become-the-girl-of-black-lotus_25086414105813301,Become the Girl of Black Lotus
/comic/the-president-is-too-hard-to-deal-with_26124078405110901,The President Is Too Hard To Deal With 
/comic/my-rich-husband-spoils-me-rotten_27048671506441101,My Rich Husband Spoils Me Rotten
/comic/i-hook-up-with-the-world's-richest-man-at-the-registry-of-marriages_25778768405879401,I Hook Up With The World's Richest Man At The Registry Of Marriages
/comic/hold-tight-to-my-ex-husband_28137999800049601,Hold Tight to My Ex-husband
/comic/my-bodyguard-is-4-feet-tall_27981496700219201,My Bodyguard Is 4 Feet Tall
/comic/the-taoist-master-who-summons-thunder_28438417808710201,The Taoist Master Who Summons Thunder
/comic/the-wicked-lady-arrives-tonight_27169890506892001,The Wicked Lady Arrives Tonight
/comic/frenzy-leveling-up-system_29241641808906401,Frenzy Leveling Up System
/comic/the-young-genius-paintress_29045323408848201,The Young Genius Paintress
/comic/i-can't-be-sword-god_27835251708712301,I Can't Be Sword God
/comic/what-do-you-do-when-you-suddenly-become-an-immortal_25778751005879301,What Do You Do When You Suddenly Become an Immortal?
/comic/cultivator-against-hero-society_27350697106485301,Cultivator Against Hero Society
/comic/doomsday-jigsaw-puzzle_27351823505247301,Doomsday Jigsaw Puzzle
/comic/my-master-only-breaks-through-on-the-edge-of-death_27955800608268101,My Master Only Breaks Through on the Edge of Death
/comic/that's-how-cultivation-is_28196111300046301,That's How Cultivation Is
/comic/indestructible-body-of-vajra-of-the-village-leader_27835234000728001,Indestructible Body Of Vajra Of The Village Leader
/comic/losing-money-to-be-a-tycoon_25837494105089401,Losing Money to Be a Tycoon
/comic/without-parallel_28231068108216001,Without Parallel
/comic/i-defeat-countless-tycoons-with-my-title-system_28552115200258601,I Defeat Countless Tycoons with my Title System
/comic/the-godly-son-in-law-of-the-nation_28137987008954901,The Godly Son-in-Law of the Nation
/comic/no.-1-grandmaster-in-history_25716294706932101,No. 1 Grandmaster in History
/comic/i-have-a-mythical-tree_28318926308677701,I Have a Mythical Tree
/comic/gentleman-wei-who-sees-death-as-a-new-beginning_28438473508711701,Gentleman Wei Who Sees Death as a New Beginning
/comic/my-junior-sisters-are-obsessed-with-me_28498577100037901,My Junior Sisters Are Obsessed with Me
/comic/i've-loaded-into-a-gal-game_28967119200447901,I've Loaded Into a Gal Game
/comic/the-unstoppable_29045383208851501,The Unstoppable
/comic/quick-transmigration-she-wants-to-die_28656175000060201,Quick Transmigration: She Wants to Die
/comic/feast-of-fear_28829046708796701,Feast Of Fear
/comic/nightmare-game_25086153406080901,Nightmare Game
/comic/the-shaman-master_25137973906246801,The Shaman Master
/comic/soul-of-searing-steel_25113800506170201,Soul of Searing Steel
/comic/a-mage-but-also-a-scientist_25173850306349601,"A Mage, but Also a Scientist"
/comic/the-demon-goddess-is-my-maid_24957302105393101,The Demon Goddess is My Maid
/comic/tales-of-two-souls_25026424505590401,Tales of Two Souls
/comic/absolute-blockade_25086142905812801,Absolute Blockade
/comic/loving-the-forbidden-prince_26443449405126601,Loving the Forbidden Prince
/comic/the-dragon-king's-heart_26329895706013101,The Dragon King's Heart
/comic/the-eternal-kingdom_24930372205313501,The Eternal Kingdom
/comic/my-cat-lover_24930380806583001,My Cat Lover
/comic/blooming-through-time_25026464306861301,Blooming Through Time
/comic/the-seven-beauties-are-my-martial-sisters_26865948706793501,The Seven Beauties Are My Martial Sisters
/comic/the-empress's-live-stream_26201987906621501,The Empress's Live Stream
/comic/mr.-feng's-addiction-to-pampering-his-wife_25984437106826901,Mr. Feng's Addiction to pampering His Wife 
/comic/endless-rain-on-distant-mountains_25026446705590901,Endless Rain on Distant Mountains
/comic/days-of-my-youth_28041903808272101,Days of My Youth
/comic/don't-cry_25138391806250001,Don't Cry
/comic/i-'ll-wait-for-you-in-1999_27860513000666301,I 'll wait for you in 1999
/comic/soulmate_27583098508482901,Soulmate
/comic/so-what-if-i-deceive_27496452308005801,So What If I Deceive?
/comic/7%C2%A0days%C2%A0after%C2%A0death_27740112600088601,7 Days After Death
/comic/the-dazzling-rose_13138187306880601,The Dazzling Rose
/comic/intoxicated-love_25198396406423901,Intoxicated Love
/comic/you-loved-me_27860562000668101,You Loved Me
/comic/expert-nurturing-clan_28041833400324601,Expert Nurturing Clan
/comic/no-more-pretending-i'm-stronger-than-superheroes_27472285308005601,"No More Pretending, I'm Stronger Than Superheroes"
/comic/all-the-heroes-love-me_25054082905714001,All the Heroes Love Me
/comic/above-the-dome_24992826305499201,Above the Dome
/comic/the-strongest-war-god_27663349000019501,The Strongest War God
/comic/twisted-obesession-of-his-highness_25898872306549501,Twisted Obesession of His Highness
/comic/breaking-through-the-calamity_26557383606731201,Breaking Through the Calamity
/comic/from-the-serpent's-eyes_25899172605311001,From the Serpent's Eyes
/comic/bound-by-his-heart_27558255600018901,Bound By His Heart
/comic/the-hidden-descendants_26313070106957101,THE HIDDEN DESCENDANTS
/comic/i-played-with-the-lord's-feelings_27410707105438501,I Played with the Lord's Feelings
/comic/warden-of-the-demonesses_27714632800016401,Warden of the Demonesses
/comic/the-demon-of-the-mansion-me_27583183100487701,The Demon of the Mansion&Me
/comic/the-real-daughter-of-the-qin-family_28654666108096001,The Real Daughter of the Qin family
/comic/upgrade-completed-captain_26329868606012901,"Upgrade Completed, Captain"
/comic/watch-out-for-the-dream-demon_25086431505813401,Watch Out for the Dream Demon
/comic/gamers-are-fierce_28015722800432701,Gamers Are Fierce
/comic/crazy-detective_27048337106440001,Crazy Detective
/comic/the-flower-and-the-hedgehog_24957354505393501,The Flower and the Hedgehog
/comic/i'm-not-a-villain_26038084405793301, I'm Not a Villain
/comic/there's-something-wrong-with-this-account_26986584105961801,There's Something Wrong with this Account
/comic/whispers-of-the-devil_27351745005246801,Whispers of the Devil
/comic/ma'am-your-offspring-is-4-and-a-half-now_27473112608005701,Ma'am Your Offspring is 4 and a Half Now
/comic/i-become-invincible-after-she-saves-me_28552091300257301,I Become Invincible after She Saves Me
/comic/break-away-from-endless-reincarnation_27532691308009401,Break Away from Endless Reincarnation
/comic/what-do-i-do-the-female-lead-has-emerged-from-the-book_27957362100369301,What Do I Do? The Female Lead Has Emerged From The Book
/comic/my-babe_28102414508551501,My Babe
/comic/since-the-red-moon-appeared_26684511006161701,Since the Red Moon Appeared
/comic/son-put-your-father-to-the-test_28196074300044601,"Son, Put Your Father To The Test"
/comic/the-strongest-male-lead-in-history_27410128605437501,The Strongest Male Lead in History
/comic/another-day-of-rejecting-mr.-lu_27230046705844101,Another Day of Rejecting Mr. Lu
/comic/this-game-is-too-real_27774261100402101,This Game Is Too Real
/comic/the%C2%A0butterfly%C2%A0of%C2%A0malice_28102349408548901,The Butterfly of Malice
/comic/the-burning-flames-of-intense-love_28897564008726101,The Burning Flames of Intense Love
/comic/revenge-after-respawn-spoil-the-iceberg-president_29103751800318201,Revenge after respawn: Spoil the Iceberg president
/comic/i-am-loaded-with-passive-skills_28318938208678401,I Am Loaded with Passive Skills
/comic/who-said-i-want-to-be-a-witch_28654723200992301,Who Said I Want To Be a Witch?
/comic/i-became-the-attendant-of-the-villainess_28075126300468101,I Became The Attendant Of The Villainess
/comic/invincible-martial-sage_28828572200662201,Invincible Martial Sage
/comic/ten-supreme-lords-are-all-my-disciples_28498809300046501,Ten Supreme Lords Are All My Disciples
/comic/my-wife-is-from-a-thousand-years-ago_26443464305126801,My Wife Is from a thousand Years ago
/comic/i-am-the-invincible-genius_27290986605048901,I Am the Invincible Genius
/comic/my-disciples-are-all-villains_27048317706439801,My Disciples Are All Villains
/comic/the-chosen-hero_28656191008167301,The Chosen Hero
/comic/stuck-by-the-demoness's-side_28889589100296301,Stuck by the Demoness's Side
/comic/surviving-as-a-tyrant's-daughter_29241672908907501,Surviving as a Tyrant's Daughter
/comic/i-stayed-at-home-for-a-century-when-i-emerged-i-was-invincible_28379337600634401,"I Stayed At Home For A Century, When I Emerged I Was Invincible"
/comic/almighty-daughter-runs-the-world_28258435508246001,Almighty Daughter Runs The World
/comic/this-curse-is-just-awesome_28656205100061401,This Curse Is Just Awesome
/comic/this-martial-arts-saint-is-too-generous_27663204300013401,This Martial Arts Saint Is Too Generous
